Campus,Infrastructure,Mentoring Program,Parental Involvement,Environment Free of bullying,Social Footprints,Sports,Discipline,Well versed with the subject,Use of presentations,Degree of difficulty of assignments,Solves doubts willingly,Structuring of the course,Provides support for students going above and beyond,Course recommendation based on relevance,Result
6,6,5,1,10,1,10,1,10,4,5,1,7,1,10,Moderate Happy
5,8,4,1,10,6,4,10,7,4,4,1,4,6,4,Moderate Happy
1,2,5,1,10,9,4,4,6,7,5,1,10,9,10,Moderate Happy
8,7,6,1,10,3,8,4,6,6,6,1,6,3,8,Moderate Happy
10,3,4,1,10,7,2,5,10,8,4,1,10,7,9,Happy
2,9,4,1,10,9,10,3,10,4,4,1,5,9,10,Happy
4,10,9,1,10,1,7,7,9,8,9,1,3,1,9,Happy
4,10,7,1,10,10,4,3,7,5,7,1,9,10,4,Happy
4,8,8,1,10,8,5,4,9,8,8,1,1,8,5,Happy
9,10,1,1,10,9,9,3,7,8,7,10,5,3,5,Happy
5,9,3,2,10,4,1,4,7,8,3,2,7,4,1,Not Happy
6,3,1,2,10,10,7,1,9,7,1,2,3,10,7,Moderate Happy
5,6,3,2,10,7,6,9,7,7,3,2,1,7,6,Moderate Happy
7,2,1,2,10,5,10,10,9,6,1,2,10,5,5,Moderate Happy
6,3,10,2,10,5,1,4,9,8,10,2,7,5,1,Moderate Happy
3,8,10,2,10,2,6,6,8,7,6,4,3,7,7,Moderate Happy
3,3,8,2,10,7,8,6,5,7,8,2,7,7,8,Moderate Happy
3,5,9,2,10,3,4,3,8,8,9,2,10,3,4,Moderate Happy
9,9,3,2,10,10,9,2,6,5,3,2,2,10,9,Moderate Happy
9,6,9,2,10,9,4,7,9,5,9,2,3,9,3,Happy
10,6,5,2,10,10,4,6,8,7,5,2,7,10,8,Happy
8,10,1,3,10,1,2,9,9,5,1,3,1,1,2,Not Happy
8,3,9,3,10,2,3,1,10,4,3,5,4,2,1,Moderate Happy
3,2,8,3,10,3,4,6,8,7,8,3,4,3,4,Moderate Happy
7,7,1,3,10,3,3,9,10,8,1,3,3,3,3,Moderate Happy
9,6,2,3,10,6,7,5,6,5,2,3,6,6,3,Moderate Happy
5,9,2,3,10,8,4,5,9,8,2,3,1,8,6,Moderate Happy
7,8,6,3,10,3,7,3,9,7,6,3,8,3,7,Happy
2,8,5,3,10,10,8,9,9,8,5,3,3,10,8,Happy
10,8,9,3,10,7,7,7,9,7,7,4,6,9,1,Happy
8,3,2,4,10,1,1,2,9,8,2,4,9,1,1,Not Happy
3,10,1,4,10,3,4,1,10,5,1,4,1,3,4,Not Happy
3,3,4,4,10,1,10,4,8,7,4,4,8,1,10,Moderate Happy
3,10,1,4,10,2,3,6,9,7,4,4,3,3,10,Moderate Happy
7,5,3,4,10,10,3,9,6,8,3,4,3,10,3,Moderate Happy
3,6,10,4,10,8,3,9,5,4,10,4,1,8,3,Moderate Happy
5,10,8,4,10,4,10,4,5,6,8,4,4,4,5,Happy
8,4,9,4,10,6,7,6,9,4,9,4,3,6,7,Happy
6,8,10,4,10,5,9,1,5,6,10,4,5,5,9,Happy
7,2,9,4,10,10,10,9,9,6,9,4,2,10,10,Happy
3,8,8,4,10,9,7,4,9,5,8,4,6,9,7,Happy
4,3,1,5,10,3,5,3,10,8,1,5,1,3,5,Not Happy
5,6,2,5,10,1,4,7,5,7,2,5,4,1,4,Not Happy
3,4,10,5,10,7,1,8,10,4,1,5,8,7,1,Moderate Happy
10,7,1,5,10,5,1,3,9,4,1,5,7,5,1,Moderate Happy
1,9,1,5,10,7,4,4,7,8,1,5,4,7,4,Moderate Happy
3,8,6,5,10,5,2,1,7,5,6,5,10,5,10,Moderate Happy
9,5,1,5,10,2,9,6,8,6,1,5,9,2,9,Moderate Happy
1,9,6,5,10,1,9,7,5,4,6,5,7,1,9,Moderate Happy
3,4,6,5,10,10,1,10,10,8,6,5,1,10,1,Moderate Happy
5,4,9,5,10,8,9,3,6,4,9,5,8,8,2,Moderate Happy
7,5,2,5,10,9,5,3,8,5,2,5,5,9,5,Moderate Happy
1,5,8,5,10,7,7,6,9,6,8,5,6,7,7,Happy
8,10,6,5,10,2,3,9,10,4,6,5,9,2,3,Happy
6,9,6,5,10,8,6,8,7,5,6,5,5,8,6,Happy
6,4,6,5,10,10,10,10,6,4,6,5,10,10,2,Happy
10,9,8,5,10,6,8,9,10,6,9,2,6,2,5,Happy
3,2,2,6,10,1,6,7,9,5,2,6,5,1,6,Not Happy
5,4,1,6,10,6,2,1,8,4,1,6,9,6,1,Not Happy
1,7,3,6,10,7,5,7,6,5,3,6,6,7,5,Moderate Happy
1,6,4,6,10,7,9,2,7,7,4,6,6,7,9,Moderate Happy
8,6,6,6,10,4,3,6,6,8,3,4,7,7,6,Happy
7,8,1,6,10,3,6,10,8,7,3,2,10,10,1,Happy
4,5,6,6,10,8,8,5,8,8,6,6,1,8,4,Happy
6,10,5,6,10,6,7,3,6,8,5,6,5,6,7,Happy
6,5,9,6,10,9,3,8,10,4,9,6,9,9,3,Happy
1,8,4,6,10,10,10,10,10,8,4,6,3,10,4,Happy
7,8,9,6,10,10,3,9,5,8,9,6,9,10,6,Happy
8,9,10,6,10,7,5,7,8,7,10,6,7,7,6,Happy
2,3,1,7,10,4,2,2,6,4,1,7,5,4,2,Not Happy
2,5,2,7,10,1,2,4,8,4,2,7,4,1,2,Not Happy
8,2,4,7,10,4,1,3,5,4,4,7,6,4,1,Not Happy
2,6,3,7,10,4,8,3,8,5,3,7,5,4,8,Moderate Happy
1,7,4,7,10,7,1,2,10,7,4,7,10,7,1,Moderate Happy
3,10,4,7,10,4,3,2,9,4,5,7,10,10,6,Happy
1,8,4,7,10,8,8,5,7,5,4,7,8,8,8,Happy
6,8,9,7,10,7,6,4,5,4,9,7,7,7,6,Happy
6,9,4,7,10,8,3,4,9,7,4,7,10,8,3,Happy
8,5,9,7,10,9,1,3,9,7,9,7,8,9,1,Happy
8,4,8,7,10,3,10,6,7,8,8,7,3,3,10,Happy
6,7,9,7,10,8,4,1,7,4,9,7,10,8,4,Happy
9,6,10,7,10,6,3,9,6,7,10,7,7,6,3,Happy
9,3,10,7,10,9,10,5,9,6,10,7,8,9,10,Happy
8,5,3,8,10,1,2,3,9,8,3,8,1,1,2,Moderate Happy
8,4,4,8,10,3,4,3,5,8,4,8,7,3,4,Moderate Happy
2,4,6,8,10,7,1,6,8,8,6,8,4,7,1,Moderate Happy
2,10,6,8,10,3,1,9,5,5,6,8,5,3,1,Moderate Happy
2,4,2,8,10,7,10,5,7,4,2,8,6,7,4,Moderate Happy
1,6,3,8,10,10,3,6,10,4,3,8,6,10,3,Moderate Happy
8,2,2,8,10,9,9,2,8,6,2,8,1,9,9,Moderate Happy
2,7,4,8,10,3,5,8,9,8,7,6,5,3,10,Happy
3,10,2,8,10,8,9,5,8,7,2,8,10,8,9,Happy
2,8,8,8,10,9,6,9,10,6,8,8,7,9,6,Happy
10,5,10,8,10,10,1,10,8,7,10,8,9,10,1,Happy
4,4,10,9,10,7,2,3,6,4,10,9,4,7,2,Moderate Happy
7,10,1,9,10,2,5,1,6,8,7,5,8,1,4,Moderate Happy
10,1,4,9,10,2,10,7,10,7,8,5,3,1,5,Moderate Happy
5,10,1,9,10,7,6,2,9,5,1,9,6,7,6,Happy
7,5,7,9,10,5,7,10,9,4,7,9,3,5,7,Happy
7,3,7,9,10,7,6,1,8,7,7,9,6,7,5,Happy
9,6,8,9,10,4,8,3,6,6,8,9,4,4,8,Happy
7,5,6,9,10,10,8,7,7,6,10,7,7,8,9,Happy
5,6,3,10,10,2,1,9,6,6,3,10,7,2,1,Moderate Happy
8,4,5,10,10,3,2,8,8,5,5,10,7,3,2,Moderate Happy
1,5,7,10,10,6,4,7,8,6,7,10,4,6,4,Moderate Happy
3,9,5,10,10,3,5,3,9,6,10,2,10,1,9,Happy
2,7,6,10,10,2,9,4,8,4,6,10,5,2,9,Happy
10,7,7,10,10,4,6,10,10,5,1,5,10,1,10,Happy
9,4,3,10,10,7,8,8,10,7,3,10,10,7,8,Happy
8,7,10,10,10,3,10,7,5,5,10,10,10,3,10,Happy
9,9,3,10,10,10,5,6,7,7,3,10,8,10,5,Happy
5,4,2,1,9,3,9,5,7,5,2,1,6,3,9,Not Happy
3,6,5,1,9,8,3,6,8,4,5,1,8,8,3,Not Happy
4,6,6,1,9,10,6,3,9,4,6,1,3,10,6,Moderate Happy
8,2,8,1,9,1,10,3,9,8,8,1,9,1,2,Moderate Happy
2,8,3,1,9,3,2,3,6,4,4,6,9,10,10,Moderate Happy
7,5,9,1,9,1,4,10,8,7,9,1,10,1,2,Moderate Happy
6,7,10,1,9,8,4,10,8,5,10,1,1,8,1,Moderate Happy
3,7,3,2,9,9,7,2,6,7,3,2,6,9,7,Moderate Happy
6,10,8,2,9,1,4,9,6,8,8,2,2,1,4,Moderate Happy
9,10,3,2,9,4,5,4,9,7,3,2,4,4,5,Moderate Happy
8,2,2,2,9,10,9,9,10,4,2,2,6,10,9,Moderate Happy
4,2,6,3,9,1,4,2,7,5,6,3,1,1,4,Not Happy
2,2,7,3,9,1,3,10,7,4,7,3,5,1,3,Not Happy
9,3,4,3,9,4,1,1,8,7,4,3,6,4,1,Not Happy
9,7,1,3,9,2,1,6,8,5,1,3,7,2,1,Not Happy
2,5,1,3,9,1,10,9,5,7,1,3,8,1,10,Moderate Happy
2,7,3,3,9,3,6,4,8,6,3,3,10,3,6,Moderate Happy
4,8,8,3,9,1,7,5,8,7,1,2,1,8,8,Moderate Happy
1,3,6,3,9,10,2,5,9,7,6,3,8,10,2,Moderate Happy
7,6,6,3,9,7,3,4,9,4,3,5,5,9,2,Moderate Happy
1,2,6,3,9,7,7,7,8,6,6,3,8,7,7,Moderate Happy
2,7,4,3,9,9,2,7,10,7,4,3,4,9,2,Moderate Happy
9,3,2,3,9,10,2,6,9,6,2,3,8,10,7,Moderate Happy
10,8,9,3,9,1,10,8,5,4,9,3,10,1,3,Moderate Happy
2,6,5,4,9,5,2,2,8,6,5,4,9,5,2,Moderate Happy
5,3,4,4,9,10,1,5,9,6,4,4,8,10,1,Moderate Happy
6,3,1,4,9,10,9,2,9,8,1,4,9,10,9,Happy
2,10,4,4,9,5,5,6,5,8,4,4,10,5,5,Happy
1,7,9,4,9,9,8,6,10,7,9,4,9,9,8,Happy
8,8,8,4,9,8,9,6,9,8,8,4,10,8,9,Happy
10,8,9,4,9,9,10,6,5,5,9,4,4,9,10,Happy
9,2,4,5,9,8,3,2,7,6,4,5,7,8,3,Moderate Happy
8,8,3,5,9,2,8,3,6,7,3,5,1,2,8,Moderate Happy
9,3,1,5,9,9,4,4,6,7,1,5,4,9,4,Moderate Happy
4,3,1,5,9,8,4,10,9,7,1,5,3,8,4,Moderate Happy
10,3,4,5,9,6,4,7,5,5,4,5,9,6,4,Moderate Happy
2,7,3,5,9,6,4,7,6,8,3,5,10,6,4,Moderate Happy
3,4,9,5,9,5,6,4,5,4,6,10,3,4,10,Moderate Happy
5,9,1,5,9,3,7,6,7,8,1,5,10,3,7,Happy
2,9,7,5,9,5,10,6,9,8,7,5,4,5,5,Happy
1,10,2,5,9,7,10,1,9,8,2,5,6,7,10,Happy
5,4,4,6,9,2,3,7,8,4,2,2,4,6,1,Not Happy
4,4,1,6,9,7,1,2,10,7,1,6,7,7,4,Moderate Happy
3,7,3,6,9,1,6,9,9,5,3,6,6,1,6,Moderate Happy
5,2,1,6,9,9,5,6,10,4,1,6,5,9,5,Moderate Happy
6,2,8,6,9,2,4,1,7,7,8,6,4,2,9,Moderate Happy
7,7,6,6,9,7,1,7,6,4,5,6,6,7,2,Moderate Happy
4,9,3,6,9,2,3,6,8,8,3,6,10,2,3,Moderate Happy
2,6,8,6,9,3,5,5,9,4,8,6,8,3,3,Moderate Happy
7,3,10,6,9,8,2,4,7,7,10,6,4,8,2,Moderate Happy
2,10,7,6,9,8,4,1,9,7,7,6,2,8,4,Happy
4,7,4,6,9,7,7,1,10,8,4,6,5,7,8,Happy
2,8,10,6,9,7,6,3,7,6,10,6,7,7,6,Happy
5,8,9,6,9,5,10,7,9,6,9,6,3,5,8,Happy
10,10,9,6,9,7,10,3,9,5,9,6,4,7,7,Happy
8,4,2,7,9,5,3,7,5,4,2,7,9,5,3,Moderate Happy
10,10,6,7,9,1,2,10,6,6,6,7,1,1,2,Moderate Happy
6,3,4,7,9,8,4,5,9,4,4,7,9,8,4,Moderate Happy
9,10,2,7,9,1,7,9,8,5,2,7,4,1,7,Moderate Happy
2,9,8,7,9,3,5,7,6,4,8,7,10,3,5,Happy
9,2,5,7,9,6,10,5,7,6,5,7,7,6,10,Happy
9,2,9,7,9,10,2,2,10,6,9,7,5,10,9,Happy
1,8,9,8,9,4,1,8,6,7,9,8,6,4,1,Moderate Happy
7,9,4,8,9,2,5,8,6,4,4,8,6,2,5,Moderate Happy
5,3,2,8,9,7,3,9,6,8,2,8,10,7,3,Happy
6,6,9,8,9,4,3,6,9,4,9,8,6,4,3,Happy
1,10,6,8,9,3,9,1,5,7,6,8,7,3,9,Happy
3,1,2,8,9,9,10,4,8,6,7,9,5,2,8,Happy
8,5,10,8,9,8,7,2,6,6,10,8,7,8,4,Happy
5,7,1,9,9,1,1,7,7,5,1,9,8,1,1,Moderate Happy
1,5,3,9,9,1,4,3,5,7,3,9,6,1,4,Moderate Happy
8,3,2,9,9,6,3,3,8,5,2,9,5,6,3,Moderate Happy
6,9,2,9,9,10,1,2,9,5,2,9,1,10,1,Moderate Happy
5,6,6,9,9,1,5,5,5,7,6,9,5,1,5,Moderate Happy
1,7,4,9,9,5,9,2,6,4,4,9,2,5,9,Moderate Happy
6,7,1,9,9,8,1,2,6,4,1,9,8,8,7,Moderate Happy
9,8,10,9,9,6,4,3,8,4,5,1,8,10,5,Happy
10,8,2,9,9,3,1,6,9,7,2,9,6,3,7,Happy
6,8,3,9,9,8,3,3,10,5,3,9,9,8,3,Happy
10,3,6,9,9,10,3,3,6,5,6,9,4,10,3,Happy
1,8,1,9,9,9,1,9,9,6,1,9,6,9,1,Happy
7,9,1,9,9,8,6,8,9,6,1,9,2,8,6,Happy
10,7,3,9,9,6,10,1,8,6,3,9,10,6,1,Happy
5,6,9,9,9,7,7,3,10,4,9,9,2,7,7,Happy
4,7,7,9,9,3,3,9,10,6,7,9,6,3,3,Happy
5,9,1,9,9,7,10,5,5,8,1,9,8,7,10,Happy
3,9,8,9,9,6,2,10,6,5,8,9,7,6,2,Happy
10,9,3,9,9,8,3,7,8,5,3,9,5,8,3,Happy
7,7,3,10,9,8,6,6,5,6,3,10,3,8,6,Happy
3,8,5,10,9,7,5,9,8,7,5,10,4,7,5,Happy
9,6,10,10,9,4,2,8,10,7,10,10,2,4,2,Happy
9,4,9,10,9,5,8,5,7,7,9,10,8,5,8,Happy
7,9,5,10,9,10,2,8,8,4,5,10,10,10,2,Happy
7,5,4,10,9,9,10,9,6,8,4,10,3,9,10,Happy
10,6,2,1,8,5,1,6,5,6,2,1,9,5,8,Not Happy
6,2,1,1,8,9,7,4,10,6,1,1,9,9,7,Moderate Happy
4,4,7,1,8,1,8,7,8,6,7,1,4,1,8,Moderate Happy
10,6,1,1,8,1,3,9,10,8,1,1,10,1,3,Moderate Happy
4,9,3,1,8,6,4,3,10,7,3,1,6,6,4,Moderate Happy
4,9,2,1,8,5,2,8,9,8,2,1,10,5,2,Moderate Happy
2,9,5,1,8,6,10,4,9,5,5,1,3,6,10,Moderate Happy
9,8,3,1,8,6,8,6,7,5,3,1,8,6,8,Moderate Happy
2,5,7,1,8,9,7,10,8,4,7,10,8,5,8,Moderate Happy
7,8,5,1,8,7,8,9,6,5,5,1,1,7,8,Happy
9,5,8,1,8,8,5,6,5,8,8,1,9,8,5,Happy
3,7,10,1,8,5,10,3,9,7,10,1,5,5,10,Happy
1,4,4,2,8,1,4,1,8,4,4,2,8,1,4,Not Happy
2,7,2,2,8,3,8,9,6,4,2,2,1,3,8,Not Happy
4,8,9,2,8,4,5,2,5,4,9,2,1,4,5,Moderate Happy
6,2,9,2,8,8,4,3,9,5,2,10,3,8,1,Moderate Happy
10,2,7,2,8,6,5,6,8,5,7,2,7,6,5,Moderate Happy
5,5,9,2,8,2,6,8,10,4,9,2,6,2,6,Moderate Happy
6,9,10,2,8,3,1,9,10,4,10,2,4,3,1,Moderate Happy
7,6,6,2,8,3,8,4,10,5,6,2,10,3,8,Moderate Happy
1,3,10,2,8,8,8,8,7,7,10,2,1,8,8,Moderate Happy
10,7,7,2,8,3,7,3,9,7,7,2,4,3,7,Moderate Happy
1,9,6,2,8,7,8,5,6,4,6,2,6,7,8,Moderate Happy
6,9,6,2,8,5,3,8,5,6,6,2,9,5,3,Moderate Happy
8,6,2,2,8,8,8,3,7,8,2,2,10,8,8,Happy
7,7,4,2,8,5,9,7,7,8,4,2,1,5,10,Happy
5,10,10,2,8,5,7,6,7,7,10,2,7,5,7,Happy
9,10,4,2,8,9,6,5,5,8,4,2,7,9,6,Happy
5,3,6,3,8,1,1,3,6,7,8,5,9,5,4,Not Happy
8,10,1,3,8,2,5,6,9,4,1,3,3,2,5,Not Happy
2,10,3,3,8,1,5,9,8,7,3,3,3,1,5,Moderate Happy
3,7,1,3,8,9,3,4,9,8,1,3,2,9,3,Moderate Happy
8,2,7,3,8,10,2,6,5,6,7,3,2,10,1,Moderate Happy
7,2,3,3,8,9,3,6,8,6,3,3,6,9,3,Moderate Happy
3,3,6,3,8,6,7,5,8,7,6,3,7,6,7,Moderate Happy
3,6,9,3,8,4,4,8,5,8,9,3,4,4,4,Moderate Happy
9,4,6,3,8,8,3,5,6,4,6,3,10,8,3,Moderate Happy
7,5,10,3,8,3,2,2,6,8,10,3,8,3,2,Moderate Happy
4,9,4,3,8,2,10,3,6,4,4,3,10,2,10,Moderate Happy
9,5,4,3,8,4,3,10,10,4,4,3,7,4,10,Moderate Happy
10,8,5,3,8,6,3,4,9,6,5,3,10,6,6,Moderate Happy
8,9,1,3,8,5,8,10,6,6,1,3,3,5,8,Happy
6,10,8,3,8,4,9,1,5,4,8,3,7,4,5,Happy
2,7,9,3,8,7,10,4,5,8,9,3,2,7,10,Happy
8,6,10,3,8,8,10,5,9,8,10,3,2,8,4,Happy
7,2,2,4,8,1,4,1,5,6,2,4,5,1,4,Not Happy
8,3,1,4,8,1,6,9,5,4,5,4,4,6,6,Moderate Happy
8,3,4,4,8,1,10,3,10,7,4,4,5,1,10,Moderate Happy
8,3,6,4,8,6,9,9,6,4,6,4,6,6,9,Moderate Happy
8,6,1,4,8,9,8,10,9,4,1,4,7,9,5,Moderate Happy
2,7,9,4,8,5,8,4,6,6,9,4,8,5,8,Happy
5,7,3,4,8,9,8,7,10,8,3,4,7,9,8,Happy
9,2,1,5,8,1,10,3,6,7,1,5,4,1,10,Not Happy
1,8,5,5,8,5,2,1,6,4,5,5,9,5,4,Moderate Happy
1,2,2,5,8,5,7,4,6,8,2,5,7,5,7,Moderate Happy
3,3,6,5,8,8,3,6,9,4,6,5,3,8,7,Moderate Happy
3,7,8,5,8,8,2,9,7,8,8,5,4,8,2,Happy
5,8,6,5,8,1,8,9,10,5,6,5,10,1,8,Happy
6,6,3,5,8,10,5,7,9,7,3,5,9,10,5,Happy
1,2,9,6,8,8,1,1,5,7,2,7,4,4,2,Not Happy
7,2,8,6,8,3,1,8,6,8,8,6,3,3,1,Moderate Happy
6,2,8,6,8,2,4,3,5,8,8,6,8,2,4,Moderate Happy
4,10,5,6,8,1,8,5,9,5,5,6,4,1,8,Moderate Happy
10,7,1,6,8,6,1,6,9,8,6,8,4,8,5,Happy
6,5,9,6,8,2,9,8,6,8,9,6,6,2,9,Happy
7,9,3,6,8,2,9,5,8,7,3,6,10,2,9,Happy
4,5,4,6,8,1,9,2,10,8,6,4,8,8,9,Happy
4,4,7,7,8,6,4,7,6,4,7,7,3,6,4,Moderate Happy
9,2,5,7,8,4,10,4,5,5,5,7,9,4,3,Moderate Happy
7,4,4,7,8,5,8,3,9,4,4,7,5,5,8,Moderate Happy
9,2,8,7,8,10,4,2,9,5,8,7,2,10,4,Moderate Happy
8,10,7,7,8,3,8,9,7,7,2,7,2,6,10,Happy
9,5,3,7,8,10,8,1,9,7,1,5,9,4,6,Happy
6,4,3,7,8,7,10,8,7,4,3,7,8,7,10,Happy
2,5,8,7,8,10,4,9,5,8,8,7,6,10,4,Happy
9,3,2,8,8,3,1,10,5,6,2,8,10,3,1,Moderate Happy
1,8,9,8,8,5,8,7,5,4,2,2,7,8,1,Moderate Happy
8,3,3,8,8,5,7,2,5,7,3,8,6,5,7,Moderate Happy
3,8,4,8,8,4,10,1,9,4,4,8,3,4,10,Happy
7,2,10,8,8,5,1,1,7,7,10,8,9,5,1,Happy
4,8,4,8,8,8,6,6,5,7,4,8,7,8,6,Happy
5,6,5,8,8,7,6,7,9,8,5,8,4,7,6,Happy
8,9,4,8,8,2,4,5,10,4,6,10,8,10,8,Happy
6,6,8,8,8,7,10,7,10,5,8,8,5,7,10,Happy
1,2,5,9,8,3,1,3,10,4,5,6,2,3,1,Not Happy
5,3,7,9,8,3,3,3,5,4,9,3,1,8,6,Moderate Happy
4,3,2,9,8,3,3,10,9,7,2,9,7,3,1,Moderate Happy
7,4,9,9,8,4,1,5,5,5,9,9,2,4,1,Moderate Happy
7,5,3,9,8,9,2,4,7,5,3,9,6,9,2,Moderate Happy
4,2,5,9,8,7,2,5,6,4,5,9,7,7,7,Moderate Happy
7,2,7,9,8,1,2,5,10,8,7,9,8,1,4,Moderate Happy
6,7,3,9,8,4,6,5,8,5,3,9,1,4,5,Moderate Happy
6,7,8,9,8,2,2,8,6,8,8,9,10,2,2,Happy
8,6,9,9,8,7,5,1,10,4,9,9,5,7,5,Happy
8,7,7,9,8,8,2,2,8,7,7,9,2,8,2,Happy
9,5,6,9,8,10,3,2,10,6,6,9,8,10,3,Happy
4,7,6,9,8,10,9,8,5,5,6,9,9,10,6,Happy
8,7,8,9,8,9,5,6,6,8,8,9,9,9,5,Happy
8,9,10,9,8,8,10,7,9,4,9,9,9,7,10,Happy
3,6,1,10,8,4,7,9,5,7,1,10,6,4,7,Moderate Happy
3,5,3,10,8,5,3,10,8,5,3,10,5,5,3,Moderate Happy
8,1,7,10,8,10,6,4,5,4,7,9,4,4,5,Happy
3,9,6,10,8,7,5,2,8,4,6,10,2,7,5,Happy
8,2,6,10,8,10,8,9,5,5,6,10,6,10,8,Happy
2,7,6,10,8,4,3,9,8,7,6,10,10,4,3,Happy
9,8,6,10,8,9,3,5,5,7,6,10,8,9,5,Happy
3,3,4,1,7,8,3,3,6,5,4,1,10,8,3,Not Happy
6,5,7,1,7,6,1,5,10,6,7,1,1,6,1,Not Happy
3,10,1,1,7,8,9,5,7,8,2,1,1,8,1,Not Happy
5,8,4,1,7,6,8,1,7,5,4,1,6,6,8,Moderate Happy
8,8,8,1,7,4,1,1,7,7,8,1,4,4,1,Moderate Happy
8,5,5,1,7,7,3,10,8,7,5,2,3,4,4,Moderate Happy
3,6,1,1,7,10,9,2,8,4,1,1,8,10,9,Moderate Happy
10,4,10,1,7,2,7,2,9,7,10,1,10,2,7,Moderate Happy
4,8,7,1,7,7,4,10,9,6,7,1,6,7,4,Happy
4,3,10,1,7,10,6,7,6,7,10,1,1,10,6,Happy
2,5,9,1,7,4,8,7,9,8,9,1,10,4,8,Happy
7,3,5,2,7,1,7,9,9,4,5,2,2,1,6,Not Happy
4,4,7,2,7,1,1,8,5,7,7,2,6,1,1,Not Happy
5,4,2,2,7,1,6,1,5,7,3,8,1,1,9,Not Happy
7,8,1,2,7,2,6,6,8,6,1,2,5,2,6,Not Happy
6,5,2,2,7,7,6,1,10,5,2,2,5,7,6,Not Happy
9,4,2,2,7,4,10,2,5,8,2,2,2,4,10,Moderate Happy
7,9,5,2,7,3,7,4,6,6,5,2,2,3,7,Moderate Happy
2,8,6,2,7,6,4,1,9,8,6,2,9,6,4,Moderate Happy
5,8,8,2,7,9,9,1,8,4,8,2,4,9,2,Happy
6,10,5,2,7,9,7,2,10,6,5,2,9,9,9,Happy
7,3,3,3,7,1,2,7,9,6,3,3,5,1,2,Not Happy
4,7,3,3,7,3,4,5,5,4,3,3,10,3,4,Not Happy
8,5,2,3,7,6,6,7,7,6,2,3,1,6,6,Not Happy
6,7,3,3,7,4,3,4,10,5,3,3,6,4,6,Moderate Happy
8,4,2,3,7,8,4,10,7,8,2,3,6,8,4,Moderate Happy
6,4,3,3,7,5,7,9,10,8,3,3,9,5,7,Moderate Happy
5,10,4,3,7,8,6,1,5,5,4,3,10,8,6,Happy
7,4,1,4,7,1,4,7,8,7,1,4,7,1,4,Not Happy
1,2,2,4,7,2,9,8,9,4,2,4,2,2,9,Not Happy
6,8,2,4,7,2,2,6,9,7,2,4,7,2,6,Moderate Happy
9,8,7,4,7,2,6,4,9,5,7,4,10,2,6,Moderate Happy
4,4,5,4,7,10,6,9,8,7,5,4,4,10,6,Moderate Happy
5,10,7,4,7,5,8,4,5,6,7,4,2,5,4,Moderate Happy
10,4,5,4,7,4,3,8,10,8,5,4,6,4,7,Moderate Happy
6,3,9,4,7,4,10,3,6,4,9,4,10,4,10,Happy
1,8,9,4,7,5,7,1,6,6,9,4,8,5,7,Happy
5,6,6,4,7,10,8,7,8,4,6,4,7,10,1,Happy
6,2,10,5,7,3,2,1,8,5,10,5,4,3,2,Not Happy
5,4,3,5,7,5,5,1,7,6,3,5,7,5,5,Moderate Happy
10,3,1,5,7,7,4,4,7,8,1,5,9,7,2,Moderate Happy
3,4,3,5,7,8,8,2,5,7,7,2,1,8,9,Moderate Happy
6,9,6,5,7,5,3,3,5,7,6,5,6,5,3,Moderate Happy
7,9,8,5,7,1,10,9,6,4,8,5,5,1,10,Happy
9,5,9,5,7,8,10,8,8,4,9,5,5,8,10,Happy
1,5,2,6,7,8,5,6,5,6,2,6,1,8,5,Not Happy
10,3,10,6,7,1,5,4,8,4,10,6,1,1,5,Moderate Happy
4,7,3,6,7,10,7,5,10,4,3,6,1,10,4,Moderate Happy
1,4,9,6,7,5,7,1,5,7,9,6,10,5,9,Moderate Happy
3,4,10,6,7,6,6,2,6,4,10,6,5,6,8,Moderate Happy
9,6,5,6,7,3,2,9,8,7,5,6,4,3,8,Moderate Happy
10,8,5,6,7,10,7,5,9,5,5,6,2,10,4,Happy
9,5,9,6,7,7,10,3,5,5,1,8,9,7,8,Happy
2,9,7,6,7,4,7,10,10,5,7,6,7,4,7,Happy
8,10,10,6,7,6,3,5,5,8,10,6,4,6,4,Happy
10,10,4,6,7,9,6,4,7,5,4,6,10,9,6,Happy
8,1,6,7,7,6,9,5,7,4,5,5,2,2,1,Moderate Happy
2,10,1,7,7,10,2,7,6,4,1,7,3,10,2,Moderate Happy
3,2,4,7,7,10,4,5,5,8,4,7,6,10,4,Moderate Happy
2,3,6,7,7,10,3,3,9,5,6,7,10,10,3,Moderate Happy
4,2,2,7,7,7,9,1,9,6,2,7,9,7,9,Moderate Happy
2,10,2,7,7,8,10,2,6,6,8,9,6,2,4,Moderate Happy
6,8,7,7,7,5,4,7,6,7,7,7,4,5,4,Happy
6,2,7,7,7,6,9,5,10,6,7,7,5,6,9,Happy
3,10,8,7,7,8,5,9,5,4,8,7,6,8,3,Happy
7,4,4,8,7,3,1,7,8,4,4,8,4,3,1,Not Happy
1,4,4,8,7,5,5,6,5,4,4,8,10,5,5,Moderate Happy
4,2,2,8,7,7,3,9,5,8,2,8,5,7,3,Moderate Happy
4,3,2,8,7,8,5,10,6,4,2,8,5,8,5,Moderate Happy
9,6,4,8,7,4,1,7,6,8,4,8,9,4,1,Moderate Happy
5,4,3,8,7,10,2,10,9,4,3,8,5,10,1,Moderate Happy
7,9,2,8,7,1,2,9,10,7,2,8,2,1,2,Moderate Happy
2,5,4,8,7,8,7,10,6,4,4,8,6,8,9,Happy
10,10,7,8,7,4,4,4,10,4,7,8,2,4,4,Happy
2,6,2,8,7,9,8,6,5,5,2,8,6,9,8,Happy
3,9,7,8,7,10,5,3,7,5,7,8,8,10,5,Happy
9,10,4,8,7,1,9,10,5,8,4,8,10,1,9,Happy
4,6,3,9,7,5,1,10,7,5,3,9,5,5,2,Moderate Happy
8,2,1,9,7,9,3,8,6,6,1,9,3,9,2,Moderate Happy
1,6,1,9,7,9,7,6,8,6,1,9,1,9,7,Moderate Happy
3,6,10,9,7,2,3,2,8,7,10,9,9,2,3,Happy
5,4,8,9,7,5,1,10,7,5,8,9,8,5,1,Happy
3,4,7,9,7,8,3,4,10,5,7,9,10,8,3,Happy
6,4,3,9,7,9,3,9,10,6,3,9,10,9,3,Happy
7,10,10,9,7,5,4,3,6,5,10,9,5,5,4,Happy
3,3,8,9,7,8,8,8,10,7,8,9,1,8,8,Happy
6,10,7,9,7,10,1,2,9,7,7,9,2,10,1,Happy
2,10,8,9,7,8,10,9,10,6,8,9,2,8,10,Happy
1,5,4,10,7,4,4,1,10,5,4,10,4,4,4,Moderate Happy
3,3,7,10,7,2,3,2,7,6,7,10,10,2,3,Moderate Happy
5,2,7,10,7,2,3,10,7,6,6,3,9,3,1,Moderate Happy
4,10,6,10,7,2,6,2,8,5,6,10,8,2,2,Moderate Happy
1,8,1,10,7,5,7,7,5,5,1,10,8,5,7,Moderate Happy
4,4,1,10,7,7,5,10,8,5,1,10,10,7,5,Happy
4,4,9,10,7,8,3,7,8,7,9,10,2,8,3,Happy
4,8,6,10,7,9,10,5,9,4,6,10,1,9,10,Happy
3,9,10,10,7,7,3,8,7,5,10,10,7,7,3,Happy
8,9,10,10,7,10,6,3,5,6,10,10,1,10,6,Happy
4,10,2,1,6,3,1,3,10,4,2,1,5,3,1,Not Happy
4,7,7,1,6,1,2,6,7,4,7,1,2,1,2,Not Happy
10,6,3,1,6,5,3,5,5,5,3,1,7,5,3,Not Happy
6,8,6,1,6,2,7,4,6,4,6,1,3,2,7,Not Happy
10,4,2,1,6,8,3,1,7,8,2,1,4,8,3,Not Happy
3,2,4,1,6,9,2,9,8,7,4,1,8,9,2,Moderate Happy
2,9,9,1,6,1,7,9,7,6,9,1,7,1,2,Moderate Happy
6,5,6,1,6,8,6,6,7,7,6,1,5,8,6,Moderate Happy
5,9,10,1,6,10,2,1,9,4,10,1,10,10,2,Moderate Happy
8,9,3,1,6,9,4,5,8,7,3,1,8,9,7,Happy
8,10,10,1,6,3,3,3,10,5,10,1,9,3,8,Happy
4,6,7,2,6,1,1,1,5,8,7,2,7,1,10,Not Happy
6,2,5,2,6,8,7,1,7,6,5,2,3,8,7,Moderate Happy
10,5,4,2,6,5,1,6,9,8,4,2,2,5,1,Moderate Happy
5,7,7,2,6,2,8,2,8,5,7,2,3,2,8,Moderate Happy
5,10,4,2,6,4,2,6,5,6,4,2,10,4,6,Moderate Happy
8,4,7,2,6,5,1,6,10,7,7,2,2,5,9,Moderate Happy
7,10,8,2,6,4,7,6,10,4,8,2,2,4,7,Moderate Happy
10,8,6,2,6,10,3,2,5,8,6,2,4,10,3,Happy
4,4,1,3,6,7,9,7,10,4,1,3,4,7,9,Moderate Happy
9,3,8,3,6,2,9,9,8,4,8,3,2,2,3,Moderate Happy
1,8,3,3,6,7,3,8,9,5,3,3,10,7,2,Moderate Happy
9,10,2,3,6,10,1,6,7,4,2,3,1,10,1,Moderate Happy
9,3,2,3,6,7,6,3,7,8,1,6,8,6,8,Moderate Happy
4,9,2,3,6,8,4,8,9,7,2,3,3,8,4,Moderate Happy
10,9,6,3,6,7,2,2,8,8,6,3,10,7,2,Happy
4,10,10,3,6,10,9,10,9,7,10,3,2,10,9,Happy
2,5,2,4,6,6,1,8,5,8,2,4,10,6,1,Not Happy
6,2,7,4,6,7,4,5,8,4,7,4,6,7,4,Not Happy
1,9,3,4,6,7,1,1,8,8,3,4,4,7,1,Not Happy
5,7,3,4,6,4,7,10,8,7,3,4,1,4,7,Moderate Happy
7,10,4,4,6,4,3,7,6,4,4,4,8,4,6,Moderate Happy
6,10,1,4,6,9,4,3,5,7,1,4,4,9,4,Moderate Happy
7,8,5,4,6,1,9,8,10,5,5,4,3,1,9,Moderate Happy
8,6,3,4,6,8,4,5,7,7,5,4,6,8,3,Moderate Happy
7,9,2,4,6,6,7,10,5,5,2,4,5,6,6,Moderate Happy
10,2,10,4,6,4,2,9,9,6,10,4,9,4,2,Moderate Happy
6,9,1,4,6,6,9,9,10,5,1,4,10,6,9,Happy
8,5,8,4,6,8,9,4,7,6,8,4,9,8,9,Happy
8,9,1,4,6,10,6,4,6,4,1,4,10,10,9,Happy
5,9,9,4,6,7,8,2,10,8,9,4,8,7,9,Happy
4,2,3,5,6,8,4,3,6,6,3,5,3,8,6,Not Happy
4,5,2,5,6,3,3,10,6,4,2,5,8,3,3,Not Happy
5,2,10,5,6,4,7,2,7,7,10,5,3,4,7,Moderate Happy
2,2,8,5,6,3,10,5,10,5,8,5,3,3,10,Moderate Happy
7,3,6,5,6,8,2,10,5,6,6,5,8,8,2,Moderate Happy
7,8,4,5,6,10,4,5,6,5,4,5,5,10,6,Happy
3,8,9,5,6,7,10,2,8,6,9,5,8,7,10,Happy
8,4,10,5,6,10,10,8,6,8,10,5,3,10,10,Happy
4,2,6,6,6,3,1,7,8,4,6,6,7,3,1,Not Happy
4,3,7,6,6,9,2,8,9,7,7,6,1,9,2,Moderate Happy
4,4,6,6,6,7,10,10,9,5,6,6,1,7,10,Happy
4,7,6,6,6,2,6,7,10,8,6,6,6,2,6,Happy
6,10,6,6,6,4,10,3,7,7,6,6,8,4,9,Happy
8,10,8,6,6,9,7,2,7,8,8,6,4,9,7,Happy
1,2,1,7,6,1,1,8,7,7,1,7,7,1,7,Not Happy
8,2,6,7,6,3,6,6,7,7,6,7,2,3,6,Moderate Happy
4,8,3,7,6,4,5,9,10,4,3,7,1,4,5,Moderate Happy
10,8,5,7,6,1,9,2,9,6,5,7,8,1,9,Happy
3,5,8,7,6,2,7,9,8,6,8,7,10,2,7,Happy
7,7,3,7,6,6,10,10,7,4,3,7,8,6,10,Happy
9,9,4,7,6,8,3,9,10,6,4,7,6,8,3,Happy
4,3,1,8,6,8,2,4,8,5,1,8,1,8,9,Moderate Happy
4,5,1,8,6,7,2,8,8,6,1,8,7,7,2,Moderate Happy
1,3,6,8,6,5,5,6,5,7,6,8,8,5,5,Moderate Happy
3,9,6,8,6,4,1,3,9,8,2,1,1,4,8,Moderate Happy
1,4,4,8,6,7,6,1,7,6,8,3,10,2,7,Moderate Happy
6,7,3,8,6,9,3,6,6,6,3,8,1,9,3,Moderate Happy
4,6,1,8,6,10,10,2,5,6,1,8,7,10,10,Happy
7,5,2,8,6,8,8,7,9,8,2,8,10,8,8,Happy
9,2,9,8,6,9,3,7,8,8,9,8,8,9,4,Happy
2,8,6,8,6,3,10,10,9,8,6,8,3,3,10,Happy
3,9,6,8,6,10,8,10,5,6,6,8,5,10,8,Happy
7,10,10,8,6,8,10,9,5,5,10,8,4,8,4,Happy
5,2,5,9,6,8,3,8,7,5,5,9,6,8,3,Moderate Happy
3,2,10,9,6,2,4,7,9,6,10,9,8,2,4,Moderate Happy
10,8,6,9,6,8,4,10,6,4,6,9,6,8,7,Happy
7,6,9,9,6,8,6,10,10,5,9,9,1,8,6,Happy
5,9,4,10,6,1,2,3,7,7,8,3,5,1,4,Not Happy
4,5,3,10,6,3,8,2,6,6,3,10,4,3,8,Moderate Happy
1,2,3,10,6,4,7,9,10,7,3,10,4,4,7,Moderate Happy
6,8,7,10,6,3,1,10,5,5,7,10,7,3,1,Moderate Happy
6,5,8,10,6,2,6,2,8,8,8,10,4,2,6,Happy
6,5,3,10,6,6,9,6,8,7,3,10,4,6,7,Happy
6,8,4,10,6,7,10,1,9,5,4,10,7,7,10,Happy
7,8,6,10,6,5,7,1,7,5,10,10,2,5,9,Happy
10,4,6,10,6,5,9,8,9,8,6,10,4,5,9,Happy
5,8,8,10,6,9,8,10,9,7,8,10,6,9,8,Happy
9,4,4,1,5,2,1,6,7,6,4,1,5,2,1,Not Happy
5,5,5,1,5,5,6,5,7,4,5,1,3,5,6,Not Happy
6,9,2,1,5,3,8,2,5,4,2,1,8,3,7,Not Happy
2,9,2,1,5,7,2,1,10,8,2,1,6,7,2,Not Happy
1,6,5,1,5,3,2,4,8,7,5,1,4,3,9,Not Happy
5,6,9,1,5,1,5,6,5,7,9,1,1,1,5,Not Happy
5,3,6,1,5,6,4,10,6,5,6,1,6,6,10,Moderate Happy
2,8,1,1,5,3,10,1,8,7,2,8,9,6,6,Moderate Happy
7,9,7,1,5,8,4,5,8,8,7,1,2,8,4,Moderate Happy
8,8,2,1,5,10,5,2,8,8,3,8,7,4,8,Moderate Happy
8,2,9,1,5,9,10,4,9,4,10,9,2,10,7,Happy
1,2,4,2,5,9,5,7,7,6,4,2,10,9,5,Not Happy
6,5,3,2,5,7,7,1,9,5,3,2,2,7,7,Moderate Happy
1,10,5,2,5,6,3,6,10,7,5,2,3,6,3,Moderate Happy
7,9,8,2,5,7,3,5,7,8,10,2,7,2,6,Moderate Happy
5,9,2,2,5,10,6,7,8,6,2,2,3,10,6,Moderate Happy
10,4,5,2,5,10,6,2,8,4,5,2,10,10,6,Moderate Happy
9,2,7,2,5,3,10,10,9,8,7,2,1,3,10,Moderate Happy
10,8,9,2,5,9,3,3,10,5,9,2,7,9,3,Happy
2,9,4,2,5,10,2,9,6,8,4,2,6,10,6,Happy
4,8,10,2,5,10,5,8,8,5,10,2,1,10,5,Happy
5,10,7,2,5,10,2,9,6,5,7,2,5,10,10,Happy
6,10,5,2,5,10,4,7,10,7,5,2,6,10,5,Happy
5,4,5,3,5,2,9,3,7,4,5,3,10,2,1,Not Happy
7,5,8,3,5,6,3,2,5,4,8,3,6,6,8,Moderate Happy
8,6,1,3,5,8,3,1,7,4,9,6,9,7,9,Moderate Happy
4,7,4,3,5,3,8,9,8,6,4,3,9,3,8,Moderate Happy
1,3,7,3,5,9,10,8,6,5,7,3,1,9,10,Moderate Happy
8,9,9,3,5,9,5,4,5,7,9,3,1,9,5,Happy
5,9,3,4,5,5,2,3,8,5,3,4,3,5,2,Not Happy
5,2,2,4,5,7,8,10,8,5,2,4,9,7,8,Moderate Happy
8,8,3,4,5,9,4,8,9,4,5,1,2,3,9,Moderate Happy
9,2,7,4,5,1,10,5,10,6,7,4,10,1,3,Moderate Happy
5,8,5,4,5,8,8,1,5,7,5,4,1,8,8,Moderate Happy
6,2,10,4,5,9,5,4,9,5,10,4,4,9,1,Moderate Happy
3,7,10,4,5,2,10,4,10,6,10,4,4,2,4,Moderate Happy
1,10,8,4,5,5,2,7,8,5,8,4,7,5,2,Moderate Happy
1,8,5,4,5,9,8,10,6,7,5,4,1,9,3,Moderate Happy
8,10,9,4,5,6,5,4,6,5,9,4,3,6,5,Moderate Happy
4,6,6,4,5,2,10,7,10,6,6,4,10,2,9,Moderate Happy
6,5,1,4,5,6,3,8,6,8,6,4,4,7,9,Moderate Happy
8,6,2,4,5,10,9,9,7,8,2,4,7,10,9,Happy
2,9,3,5,5,5,2,7,7,8,3,5,1,5,2,Not Happy
10,3,6,5,5,3,3,4,5,5,6,5,10,3,6,Moderate Happy
5,4,10,5,5,4,2,6,9,7,10,5,2,4,2,Moderate Happy
6,4,3,5,5,4,5,9,5,7,3,5,6,4,5,Moderate Happy
8,4,2,5,5,4,7,9,7,5,2,5,10,4,7,Moderate Happy
9,5,9,5,5,2,4,9,6,7,9,5,1,2,4,Moderate Happy
3,5,7,5,5,6,6,5,10,7,7,5,10,6,5,Happy
10,6,3,5,5,8,6,5,6,6,3,5,9,8,3,Happy
8,9,10,5,5,1,6,10,9,7,10,5,7,1,6,Happy
7,8,9,5,5,9,7,10,9,5,9,5,6,9,7,Happy
1,2,2,6,5,9,2,10,7,8,2,6,1,9,2,Not Happy
1,10,1,6,5,9,8,3,9,6,1,6,1,9,2,Moderate Happy
10,4,4,6,5,1,6,3,6,8,4,6,10,1,6,Moderate Happy
6,5,2,6,5,6,7,10,8,6,3,3,6,4,10,Moderate Happy
3,7,2,6,5,7,2,8,7,6,7,6,9,7,1,Moderate Happy
3,3,1,6,5,8,9,4,8,8,1,6,4,8,9,Moderate Happy
4,10,5,6,5,4,9,5,6,4,5,6,4,4,9,Moderate Happy
3,9,3,6,5,4,9,1,8,5,3,6,9,4,9,Moderate Happy
3,7,8,6,5,9,2,3,7,5,8,6,9,9,8,Happy
10,10,8,6,5,10,4,8,5,6,8,6,6,10,4,Happy
8,10,8,6,5,9,6,7,7,6,8,6,10,9,6,Happy
8,10,10,6,5,7,9,4,8,8,10,6,7,7,7,Happy
1,2,1,7,5,3,1,5,5,6,1,7,3,3,1,Not Happy
7,4,1,7,5,1,5,2,6,6,1,7,6,1,5,Not Happy
5,5,9,7,5,2,1,5,5,8,9,7,5,2,1,Moderate Happy
7,5,2,7,5,4,4,1,8,4,2,7,9,4,4,Moderate Happy
5,3,4,7,5,8,3,10,9,7,4,7,2,8,3,Moderate Happy
7,3,10,7,5,3,6,2,6,6,10,7,4,3,3,Moderate Happy
9,4,2,7,5,2,7,9,8,6,2,7,5,2,7,Moderate Happy
10,6,3,7,5,4,1,5,10,8,3,7,8,4,5,Moderate Happy
6,8,6,7,5,6,3,1,7,5,6,7,7,6,7,Moderate Happy
9,4,5,7,5,2,6,9,7,8,5,7,9,2,6,Moderate Happy
2,5,5,7,5,7,9,3,10,5,5,7,5,7,9,Moderate Happy
1,9,2,7,5,6,8,3,7,6,2,7,7,6,8,Happy
3,3,8,7,5,8,8,5,6,6,8,7,1,8,8,Happy
8,7,5,7,5,7,7,4,8,8,5,7,7,7,7,Happy
3,3,9,7,5,10,7,8,8,8,9,7,4,10,7,Happy
6,10,8,7,5,8,7,1,9,7,8,7,3,8,7,Happy
8,10,5,7,5,10,6,5,6,6,7,7,4,10,7,Happy
9,7,9,7,5,8,10,6,5,8,9,7,1,8,10,Happy
2,7,1,8,5,5,2,10,7,6,1,8,10,5,2,Moderate Happy
7,8,3,8,5,9,6,9,7,6,5,4,2,3,1,Moderate Happy
4,9,1,8,5,4,2,6,10,7,1,8,4,4,2,Moderate Happy
8,5,7,8,5,8,4,7,5,6,3,1,7,2,9,Moderate Happy
1,5,8,8,5,8,2,7,5,5,8,8,9,8,2,Moderate Happy
8,2,9,8,5,7,7,4,8,4,9,8,8,7,7,Happy
8,4,9,8,5,7,4,3,9,8,9,8,5,7,4,Happy
2,7,9,8,5,2,8,10,8,8,9,8,6,2,8,Happy
7,4,5,8,5,6,10,7,9,5,5,8,10,6,10,Happy
10,8,10,8,5,8,6,7,6,4,10,8,5,8,6,Happy
6,9,3,9,5,1,2,9,7,4,3,9,1,1,2,Not Happy
1,7,8,9,5,1,9,3,10,6,8,9,5,1,1,Moderate Happy
2,2,8,9,5,3,6,6,6,5,8,9,6,3,7,Moderate Happy
3,8,7,9,5,2,3,6,6,6,7,9,7,2,5,Moderate Happy
9,3,2,9,5,8,7,2,7,7,2,9,8,8,7,Moderate Happy
1,3,9,9,5,6,8,10,8,8,9,9,1,6,1,Happy
5,3,3,9,5,9,9,5,5,5,3,9,10,9,9,Happy
2,4,5,9,5,7,9,8,6,8,5,9,5,7,10,Happy
6,9,4,9,5,10,8,3,6,6,4,9,5,10,8,Happy
5,3,9,10,5,1,8,1,8,5,9,10,3,1,6,Moderate Happy
9,7,6,10,5,6,6,3,6,5,6,10,5,6,3,Happy
4,7,3,1,4,3,2,1,5,7,3,1,6,3,1,Not Happy
7,6,3,1,4,4,6,6,6,4,3,1,3,4,6,Not Happy
2,3,9,1,4,4,9,7,7,4,9,1,4,4,9,Not Happy
7,6,9,1,4,7,1,1,9,6,9,1,10,7,1,Moderate Happy
3,9,4,1,4,10,9,2,5,4,4,1,4,10,9,Moderate Happy
3,9,2,1,4,10,2,10,9,6,2,1,3,10,2,Moderate Happy
10,10,7,1,4,3,9,2,10,4,7,1,7,3,9,Moderate Happy
7,8,6,1,4,9,2,4,8,8,6,1,4,9,1,Moderate Happy
6,9,9,1,4,4,4,10,9,7,9,1,9,4,3,Moderate Happy
9,6,2,1,4,9,5,10,10,5,2,1,9,9,6,Happy
1,7,8,2,4,3,1,4,9,4,8,2,6,3,9,Not Happy
6,2,5,2,4,3,5,8,7,7,5,2,1,3,7,Not Happy
3,10,3,2,4,4,4,9,5,4,3,2,7,4,4,Not Happy
4,3,8,2,4,3,3,5,10,7,8,2,10,3,3,Not Happy
9,3,1,2,4,9,3,5,6,6,1,2,10,9,3,Not Happy
1,7,9,2,4,2,5,1,6,7,9,2,9,2,5,Moderate Happy
3,4,9,2,4,5,10,3,9,5,9,2,1,5,10,Moderate Happy
8,6,4,2,4,4,7,8,10,5,4,2,10,4,7,Moderate Happy
3,4,5,2,4,6,9,10,7,5,2,6,6,3,10,Moderate Happy
5,5,9,2,4,10,2,4,6,4,9,2,5,10,7,Moderate Happy
6,9,1,2,4,10,5,10,7,4,1,2,8,10,4,Moderate Happy
10,6,8,2,4,9,1,5,10,4,8,2,9,9,3,Moderate Happy
10,9,6,2,4,9,3,9,8,8,6,2,7,9,10,Happy
1,4,6,3,4,1,1,8,8,8,6,3,5,1,5,Not Happy
8,3,6,3,4,6,4,1,7,4,6,3,7,6,4,Not Happy
3,7,6,3,4,3,8,5,5,6,2,3,5,3,5,Not Happy
5,2,4,3,4,10,1,4,10,7,4,3,4,10,1,Not Happy
3,3,9,3,4,5,7,7,9,4,9,3,4,5,1,Not Happy
3,6,10,3,4,2,5,7,5,6,10,3,4,2,8,Moderate Happy
1,2,4,3,4,6,10,3,9,4,6,5,1,7,2,Moderate Happy
6,6,5,3,4,6,1,10,9,4,5,3,3,6,6,Moderate Happy
10,3,7,3,4,6,4,4,9,4,7,3,8,6,8,Moderate Happy
1,7,2,3,4,10,7,8,6,4,2,3,8,10,7,Moderate Happy
7,4,9,3,4,9,4,2,10,5,9,3,6,9,4,Moderate Happy
9,10,7,3,4,4,1,9,5,7,6,9,2,1,8,Moderate Happy
10,10,4,3,4,1,6,5,5,8,4,3,5,1,6,Moderate Happy
8,6,4,3,4,10,2,6,9,7,4,3,9,10,2,Happy
4,7,9,3,4,10,8,2,10,4,9,3,2,10,8,Happy
10,8,10,3,4,7,3,8,8,8,10,3,9,7,3,Happy
3,9,2,4,4,1,5,6,7,8,2,4,5,1,5,Not Happy
1,10,1,4,4,9,3,4,5,4,1,4,8,9,1,Moderate Happy
8,2,8,4,4,9,5,3,5,4,8,4,8,9,5,Moderate Happy
10,4,4,4,4,7,1,4,5,6,4,4,7,7,9,Moderate Happy
4,7,5,4,4,1,7,10,6,5,5,4,7,1,9,Moderate Happy
6,9,9,4,4,2,7,8,5,6,9,4,4,2,6,Moderate Happy
7,9,7,4,4,1,10,7,7,6,7,4,8,1,2,Moderate Happy
2,9,9,4,4,4,6,5,7,5,9,4,5,4,8,Moderate Happy
10,6,2,4,4,4,10,9,6,8,2,4,6,4,10,Happy
10,10,2,4,4,8,7,4,8,4,2,4,9,8,7,Happy
4,10,5,4,4,6,7,9,7,5,5,4,9,6,7,Happy
5,10,8,4,4,3,8,6,7,8,8,4,10,3,8,Happy
5,2,1,5,4,1,3,9,7,5,1,5,3,1,3,Not Happy
3,2,5,5,4,4,6,6,10,5,5,5,1,4,6,Not Happy
5,2,1,5,4,5,9,6,7,5,1,5,10,5,6,Moderate Happy
6,2,7,5,4,1,8,4,7,6,7,5,8,1,8,Moderate Happy
10,7,6,5,4,4,1,9,5,6,6,5,6,4,6,Moderate Happy
4,10,9,5,4,5,2,4,5,6,9,5,10,5,2,Happy
7,9,8,5,4,3,4,6,10,4,8,5,2,3,10,Happy
9,10,10,5,4,7,1,4,10,7,10,5,9,7,1,Happy
1,7,1,6,4,2,9,5,7,8,1,6,1,2,1,Not Happy
6,6,6,6,4,9,2,3,5,5,6,6,3,9,2,Moderate Happy
8,2,6,6,4,6,2,10,6,4,6,6,2,6,9,Moderate Happy
3,5,5,6,4,6,1,8,5,6,5,6,7,6,1,Moderate Happy
7,2,5,6,4,8,9,8,10,8,5,6,3,8,5,Moderate Happy
2,4,6,6,4,9,9,2,6,6,6,6,4,9,10,Moderate Happy
2,8,8,6,4,8,1,9,10,7,8,6,7,8,1,Happy
8,5,7,6,4,9,10,7,8,8,7,6,1,9,9,Happy
10,10,7,6,4,6,4,3,10,8,7,6,10,6,4,Happy
1,4,4,7,4,5,9,3,6,4,4,7,5,5,2,Not Happy
10,3,4,7,4,5,4,1,6,5,4,7,1,5,5,Not Happy
5,4,4,7,4,1,6,10,7,5,4,7,2,1,6,Not Happy
1,3,9,7,4,7,6,5,6,4,9,7,8,7,6,Moderate Happy
5,5,8,7,4,7,3,5,5,4,8,7,6,7,3,Moderate Happy
6,3,6,7,4,10,5,2,7,8,6,7,4,10,5,Moderate Happy
2,8,1,7,4,9,1,9,9,7,1,7,6,9,4,Moderate Happy
5,5,9,7,4,8,9,1,8,8,9,7,9,8,6,Happy
5,4,3,8,4,3,7,8,10,6,3,8,2,3,7,Moderate Happy
8,7,7,8,4,4,5,1,10,8,6,6,3,6,9,Moderate Happy
4,4,4,8,4,4,10,2,9,6,4,8,6,4,10,Moderate Happy
3,3,9,8,4,4,10,9,9,5,9,8,2,4,10,Moderate Happy
5,2,10,8,4,6,5,9,5,6,5,1,9,6,9,Happy
6,9,3,8,4,5,5,10,8,8,3,8,5,5,5,Happy
9,5,7,8,4,9,7,6,6,5,7,8,2,9,7,Happy
7,7,7,8,4,3,5,10,10,5,7,8,9,3,4,Happy
10,10,2,8,4,9,5,6,5,7,2,8,5,9,5,Happy
9,10,7,8,4,6,6,10,10,4,7,8,7,6,2,Happy
7,7,9,8,4,8,9,7,9,8,9,8,2,8,9,Happy
8,2,1,9,4,3,2,10,5,4,1,9,4,3,2,Not Happy
6,2,8,9,4,7,2,1,5,5,8,9,2,7,2,Not Happy
4,9,4,9,4,3,1,7,7,5,4,9,4,3,1,Not Happy
2,2,5,9,4,3,5,7,10,4,5,9,8,3,5,Moderate Happy
3,3,4,9,4,6,2,5,10,4,4,9,9,6,2,Moderate Happy
3,6,3,9,4,2,9,6,5,6,3,9,4,2,9,Moderate Happy
7,2,6,9,4,9,4,2,5,4,6,9,10,9,4,Moderate Happy
6,2,10,9,4,4,5,3,8,6,10,9,9,4,5,Happy
7,9,1,9,4,1,8,10,5,7,1,9,9,1,9,Happy
8,10,3,9,4,4,7,7,10,8,3,9,6,4,8,Happy
9,6,9,9,4,4,7,5,8,6,9,9,9,4,7,Happy
1,10,9,9,4,6,9,9,5,7,9,9,9,6,9,Happy
10,1,8,10,4,7,2,6,5,5,4,2,1,1,7,Moderate Happy
9,2,2,10,4,6,4,5,6,6,2,10,3,6,4,Moderate Happy
1,4,1,10,4,2,6,8,8,7,1,10,8,2,6,Moderate Happy
3,8,6,10,4,4,2,7,5,5,6,10,3,4,10,Moderate Happy
9,3,5,10,4,7,3,9,10,4,5,10,3,7,3,Moderate Happy
1,7,5,10,4,5,10,9,9,5,5,10,10,5,1,Happy
6,6,8,10,4,3,9,10,6,7,8,10,3,3,9,Happy
6,8,1,10,4,9,9,5,8,4,1,10,10,9,1,Happy
10,4,10,10,4,3,7,8,8,4,10,10,8,3,7,Happy
4,7,5,10,4,9,9,8,7,5,5,10,1,9,9,Happy
6,9,8,10,4,2,10,8,6,5,8,10,3,2,10,Happy
2,2,9,10,4,9,5,9,8,8,9,10,10,9,5,Happy
5,6,10,10,4,3,9,6,6,4,10,10,10,3,9,Happy
7,9,5,10,4,2,7,7,6,8,5,10,6,2,10,Happy
9,3,8,10,4,8,6,8,8,8,8,10,1,8,6,Happy
8,5,10,10,4,6,6,8,6,7,10,10,4,6,6,Happy
4,7,10,10,4,7,10,1,8,5,10,10,9,7,10,Happy
9,9,5,10,4,4,10,10,5,5,5,10,8,4,10,Happy
5,9,1,1,3,1,10,2,7,4,1,1,2,1,10,Not Happy
9,6,5,1,3,2,1,1,6,8,5,1,2,2,8,Not Happy
4,5,6,1,3,10,3,4,5,5,6,1,3,10,5,Not Happy
8,2,5,1,3,7,2,10,7,4,5,1,8,7,2,Not Happy
3,4,2,1,3,9,7,7,8,4,2,1,7,9,7,Not Happy
5,2,8,1,3,8,6,2,7,5,8,1,1,8,8,Not Happy
6,4,6,1,3,5,9,4,10,7,6,1,2,5,1,Not Happy
5,5,7,1,3,6,7,3,6,4,7,1,8,6,7,Not Happy
10,3,4,1,3,9,7,5,8,6,4,1,1,9,7,Moderate Happy
4,7,8,1,3,8,3,2,8,8,8,1,1,8,3,Moderate Happy
5,10,6,1,3,4,8,2,6,4,6,1,2,4,10,Moderate Happy
2,8,7,1,3,10,3,8,5,7,7,1,2,10,3,Moderate Happy
8,8,5,1,3,9,10,1,6,8,6,2,1,2,9,Moderate Happy
9,4,8,1,3,9,3,10,8,7,8,1,5,9,3,Happy
6,2,2,2,3,2,9,8,6,6,2,2,10,2,2,Not Happy
9,2,8,2,3,5,2,4,8,8,8,2,6,5,4,Not Happy
9,5,5,2,3,4,9,7,9,5,5,2,6,4,9,Moderate Happy
9,10,8,2,3,5,4,8,8,6,8,2,1,5,1,Moderate Happy
7,8,6,2,3,4,8,5,5,5,6,2,10,4,8,Moderate Happy
2,7,4,2,3,9,7,3,6,6,4,2,8,9,7,Moderate Happy
3,5,5,2,3,10,8,7,9,7,5,2,6,10,8,Happy
3,10,3,3,3,1,2,1,7,8,3,3,4,1,2,Not Happy
4,2,9,3,3,3,4,9,8,4,9,3,3,3,4,Not Happy
1,3,9,3,3,8,8,10,5,5,9,3,1,8,8,Moderate Happy
8,6,6,3,3,2,2,8,8,5,6,3,8,2,6,Moderate Happy
6,8,1,3,3,8,2,5,10,6,1,3,5,8,10,Moderate Happy
9,9,9,3,3,5,4,1,7,5,9,3,2,5,4,Moderate Happy
10,3,10,3,3,9,4,1,8,5,10,3,4,9,4,Moderate Happy
5,6,8,3,3,9,7,7,6,5,8,3,1,9,7,Moderate Happy
9,6,9,3,3,6,2,10,10,4,9,3,1,6,7,Happy
5,8,9,3,3,7,9,3,5,6,9,3,8,7,9,Happy
10,7,9,3,3,10,4,8,5,7,9,3,5,10,4,Happy
6,10,10,3,3,7,8,8,9,7,10,3,2,7,8,Happy
7,3,6,4,3,1,10,6,7,7,6,4,2,1,10,Not Happy
9,5,8,4,3,2,8,1,9,4,8,4,2,2,8,Moderate Happy
1,8,5,4,3,5,5,7,6,7,5,4,4,5,5,Moderate Happy
7,6,1,4,3,1,7,10,9,6,1,4,10,1,7,Moderate Happy
8,8,4,4,3,8,2,10,8,7,4,4,4,8,2,Moderate Happy
1,9,2,4,3,9,7,1,5,8,2,4,8,9,10,Happy
5,9,3,4,3,5,4,2,9,6,1,10,8,10,7,Happy
2,9,10,4,3,5,8,6,10,7,10,4,8,5,4,Happy
5,9,7,4,3,5,9,7,9,7,7,4,10,5,9,Happy
4,10,10,4,3,3,10,6,10,8,10,4,9,3,10,Happy
3,6,1,5,3,1,7,2,7,4,1,5,6,1,8,Not Happy
5,4,5,5,3,7,1,5,5,7,5,5,6,7,1,Not Happy
9,5,3,5,3,3,5,4,10,5,3,5,2,3,5,Moderate Happy
5,9,4,5,3,1,4,7,7,5,4,5,9,1,4,Moderate Happy
3,2,3,5,3,7,9,5,5,8,3,5,10,7,7,Moderate Happy
9,10,7,5,3,9,7,5,5,8,7,5,10,9,7,Happy
4,5,1,6,3,9,6,7,7,4,1,6,2,9,6,Not Happy
7,8,6,6,3,2,1,1,8,5,6,6,8,2,2,Not Happy
4,3,7,6,3,2,4,6,6,6,7,6,6,2,6,Moderate Happy
8,2,8,6,3,4,2,9,5,5,8,6,5,4,9,Moderate Happy
3,7,9,6,3,6,3,1,9,6,9,6,1,6,3,Moderate Happy
5,8,10,6,3,2,6,1,8,7,10,6,2,2,6,Moderate Happy
2,5,3,6,3,6,10,1,6,7,3,6,5,6,10,Moderate Happy
1,8,8,6,3,9,1,7,8,5,8,6,6,9,4,Moderate Happy
1,6,4,6,3,8,8,7,10,5,4,6,10,8,2,Moderate Happy
4,6,9,6,3,7,6,9,6,7,9,6,4,7,6,Happy
6,3,10,6,3,7,8,9,6,8,10,6,8,7,9,Happy
8,8,5,6,3,8,9,3,5,7,5,6,7,8,9,Happy
9,4,7,6,3,5,7,9,7,7,7,6,10,5,7,Happy
1,7,9,6,3,10,7,8,5,7,9,6,3,10,3,Happy
5,4,8,6,3,6,9,5,10,4,8,6,8,6,9,Happy
10,6,8,6,3,10,4,2,10,4,8,6,5,10,4,Happy
10,7,3,7,3,1,1,8,5,7,3,7,10,1,1,Moderate Happy
2,5,5,7,3,9,7,3,5,6,5,7,3,9,5,Moderate Happy
4,6,2,7,3,4,6,1,9,8,2,7,6,4,6,Moderate Happy
4,4,9,7,3,7,3,3,8,8,9,7,1,7,3,Moderate Happy
6,10,10,7,3,6,1,2,8,6,10,7,6,6,1,Moderate Happy
5,6,10,7,3,7,1,3,6,6,10,7,5,7,8,Happy
9,5,5,7,3,10,5,7,6,6,5,7,2,10,8,Happy
6,7,10,7,3,6,2,8,9,7,10,7,8,6,4,Happy
6,3,7,8,3,4,6,5,6,6,7,8,7,4,1,Moderate Happy
10,9,3,8,3,4,1,10,5,4,3,8,10,4,2,Moderate Happy
5,8,4,8,3,1,1,6,10,7,4,8,2,1,10,Moderate Happy
2,6,10,8,3,5,2,5,6,5,10,8,10,5,2,Moderate Happy
5,2,2,8,3,4,10,8,9,7,2,8,7,4,10,Moderate Happy
2,8,4,8,3,10,6,2,10,5,4,8,9,10,6,Happy
6,3,10,8,3,4,9,3,10,7,10,8,8,4,9,Happy
8,5,2,9,3,3,10,2,7,6,2,9,7,3,10,Moderate Happy
8,8,7,9,3,2,3,9,6,7,7,9,9,2,3,Happy
5,10,4,9,3,7,3,3,9,6,4,9,6,7,8,Happy
2,10,4,9,3,8,4,8,9,8,4,9,3,8,2,Happy
8,10,9,9,3,1,9,3,5,5,9,9,8,1,9,Happy
1,9,3,10,3,6,1,4,8,7,3,10,4,6,1,Moderate Happy
4,8,3,10,3,8,3,10,9,5,3,10,1,8,3,Moderate Happy
7,8,1,10,3,4,9,5,5,6,1,10,2,4,9,Happy
1,6,5,10,3,6,7,5,10,4,5,10,9,6,7,Happy
2,6,9,10,3,5,4,5,9,5,9,10,5,5,4,Happy
6,6,9,10,3,6,3,1,6,6,9,10,4,6,7,Happy
3,3,6,10,3,9,8,4,9,7,6,10,7,9,7,Happy
3,5,10,10,3,1,9,9,8,4,5,10,7,1,10,Happy
9,5,5,10,3,3,9,7,5,7,5,10,7,3,9,Happy
4,7,1,1,2,6,1,3,10,5,1,1,6,6,1,Not Happy
6,7,2,1,2,9,3,9,9,4,2,1,2,9,3,Not Happy
5,9,4,1,2,8,2,4,6,6,4,1,2,8,4,Not Happy
9,6,4,1,2,7,2,1,9,4,4,6,3,1,9,Not Happy
10,5,6,1,2,1,1,3,5,4,2,1,10,10,9,Not Happy
7,4,3,1,2,10,7,6,7,5,3,1,8,10,2,Not Happy
10,10,5,1,2,2,5,7,6,4,6,1,6,2,3,Not Happy
6,7,4,1,2,4,10,3,6,6,4,1,8,4,10,Moderate Happy
7,8,10,1,2,6,4,5,10,4,10,1,5,6,2,Moderate Happy
3,8,7,1,2,7,4,7,9,6,7,1,2,7,6,Moderate Happy
10,8,10,1,2,9,3,3,8,4,10,1,5,9,3,Moderate Happy
4,5,8,1,2,7,7,9,10,6,8,1,2,7,7,Moderate Happy
5,2,3,2,2,4,8,1,5,5,3,2,10,4,8,Not Happy
5,4,4,2,2,5,4,7,6,6,4,2,7,5,3,Not Happy
10,2,9,2,2,3,6,4,10,8,9,2,3,3,1,Not Happy
10,3,4,2,2,7,8,1,6,4,6,6,6,2,3,Not Happy
3,6,7,2,2,5,1,6,5,7,7,2,2,5,7,Not Happy
9,6,10,2,2,3,2,5,8,8,10,2,1,3,2,Moderate Happy
3,6,10,2,2,3,10,4,9,4,10,2,1,3,10,Moderate Happy
7,5,6,2,2,5,7,5,5,8,6,2,3,5,7,Moderate Happy
2,8,1,2,2,8,10,7,9,6,1,2,9,8,2,Moderate Happy
10,5,5,2,2,1,6,10,6,8,5,2,10,1,6,Moderate Happy
5,3,4,2,2,3,3,3,9,5,10,10,9,6,4,Moderate Happy
1,7,6,2,2,7,9,3,10,7,6,2,1,7,9,Moderate Happy
5,7,2,2,2,10,8,9,10,4,2,2,10,10,8,Happy
7,2,2,3,2,1,7,7,5,7,2,3,6,1,9,Not Happy
6,7,7,3,2,4,3,8,6,7,7,3,5,4,3,Moderate Happy
5,6,3,4,2,1,1,4,5,6,3,4,1,1,1,Not Happy
6,2,3,4,2,9,4,7,10,4,3,4,6,9,4,Not Happy
6,4,6,4,2,1,6,5,5,8,6,4,10,1,6,Moderate Happy
2,7,1,4,2,10,10,1,8,7,1,4,7,10,9,Moderate Happy
9,2,2,4,2,10,7,8,7,6,2,4,7,10,7,Moderate Happy
8,4,5,4,2,8,10,10,7,6,5,4,7,8,7,Happy
3,3,3,5,2,3,3,3,7,6,3,5,3,3,10,Not Happy
10,1,8,5,2,9,6,6,9,5,2,3,9,2,8,Moderate Happy
10,4,10,5,2,7,4,2,7,7,10,5,1,7,4,Moderate Happy
8,6,9,5,2,7,2,7,9,7,9,5,1,7,2,Moderate Happy
2,4,9,5,2,4,8,10,8,4,9,5,7,4,8,Moderate Happy
6,9,1,5,2,9,9,3,9,4,1,5,2,9,9,Moderate Happy
10,7,2,5,2,7,9,7,8,6,2,5,7,7,9,Happy
6,10,8,5,2,7,8,4,10,5,8,5,10,7,8,Happy
5,2,6,6,2,4,1,5,6,4,6,6,10,4,1,Not Happy
7,9,1,6,2,4,5,1,6,5,1,6,10,4,5,Moderate Happy
7,2,6,6,2,7,7,7,7,7,6,6,3,7,2,Moderate Happy
10,6,5,6,2,4,10,1,8,7,5,6,1,4,10,Moderate Happy
6,5,4,6,2,7,7,5,9,5,4,6,5,7,7,Moderate Happy
1,8,10,6,2,10,8,4,6,5,10,6,7,10,8,Happy
9,6,6,6,2,7,10,8,7,8,6,6,6,7,10,Happy
3,4,2,7,2,2,10,3,9,8,2,7,5,2,10,Moderate Happy
3,10,7,7,2,3,6,1,8,5,7,7,1,3,6,Moderate Happy
5,3,4,7,2,4,7,10,9,6,4,7,4,4,7,Moderate Happy
6,2,10,7,2,4,9,5,8,6,10,7,2,4,8,Moderate Happy
7,5,8,7,2,2,5,1,8,7,4,5,9,3,5,Moderate Happy
8,3,6,7,2,8,3,6,8,6,6,7,10,8,4,Happy
10,7,4,7,2,10,6,8,5,5,4,7,1,10,6,Happy
7,8,10,7,2,7,2,4,9,8,10,7,7,7,2,Happy
2,4,1,8,2,2,5,3,9,8,1,8,6,2,4,Not Happy
3,2,2,8,2,10,2,9,7,6,2,8,2,10,2,Not Happy
1,7,4,8,2,3,2,7,8,6,4,8,7,3,2,Moderate Happy
8,3,1,8,2,9,2,5,9,5,1,8,9,9,2,Moderate Happy
5,2,7,8,2,6,5,7,8,6,7,8,6,6,5,Moderate Happy
8,10,3,8,2,7,6,1,6,4,3,8,2,7,6,Moderate Happy
6,8,2,8,2,6,4,1,8,8,4,6,6,9,9,Moderate Happy
9,9,10,8,2,9,1,2,5,5,10,8,2,9,1,Moderate Happy
6,5,2,8,2,10,5,3,10,7,2,8,7,10,5,Moderate Happy
9,9,4,8,2,8,10,2,8,4,4,8,4,8,1,Moderate Happy
5,7,3,8,2,8,6,7,7,5,3,8,9,8,9,Happy
8,8,10,8,2,6,4,3,7,5,10,8,3,6,4,Happy
5,5,8,8,2,6,10,9,5,5,8,8,4,6,10,Happy
3,8,3,8,2,7,8,4,10,6,3,8,8,7,8,Happy
8,6,8,8,2,8,8,2,7,8,8,8,5,8,8,Happy
7,7,10,8,2,8,9,9,8,5,10,8,3,8,6,Happy
4,7,2,9,2,1,2,9,8,6,2,9,4,1,7,Moderate Happy
8,7,5,9,2,6,5,6,6,4,5,9,8,6,5,Happy
6,3,6,9,2,9,1,9,6,7,6,9,9,9,1,Happy
2,9,5,9,2,6,6,10,6,6,5,9,1,6,6,Happy
3,7,6,9,2,9,10,7,8,5,6,9,2,9,10,Happy
8,9,8,9,2,10,3,9,7,4,8,9,4,10,2,Happy
5,10,5,9,2,2,5,9,10,4,5,9,10,2,5,Happy
7,7,6,9,2,9,5,9,10,4,6,9,4,9,5,Happy
2,5,1,10,2,4,1,8,6,4,1,10,7,4,1,Not Happy
1,7,6,10,2,3,3,4,10,4,6,10,5,3,6,Moderate Happy
1,4,9,10,2,2,6,1,8,4,9,10,10,2,6,Moderate Happy
7,2,2,10,2,8,8,7,6,5,2,10,2,8,8,Moderate Happy
1,3,3,10,2,8,9,5,10,4,3,10,1,8,5,Moderate Happy
10,9,8,10,2,1,1,8,5,6,8,10,2,1,1,Moderate Happy
5,5,4,10,2,8,2,5,6,8,10,9,5,3,6,Moderate Happy
3,9,1,10,2,3,8,1,7,7,1,10,10,3,10,Moderate Happy
1,10,3,10,2,6,4,10,6,5,3,10,3,6,4,Moderate Happy
7,2,8,10,2,7,6,1,9,5,8,10,9,7,6,Moderate Happy
3,8,5,10,2,8,8,4,7,7,5,10,2,8,8,Happy
4,10,7,10,2,7,1,10,10,5,7,10,7,7,10,Happy
3,9,1,10,2,10,10,4,5,8,1,10,8,10,10,Happy
9,10,10,10,2,9,10,4,9,6,10,10,1,9,10,Happy
5,8,10,10,2,7,8,8,9,6,10,10,7,7,8,Happy
9,4,7,1,1,5,1,3,9,7,7,1,1,5,1,Not Happy
8,4,6,1,1,4,4,7,5,8,6,1,3,4,4,Not Happy
5,6,5,1,1,6,3,2,10,4,5,1,9,6,3,Not Happy
2,2,2,1,1,9,9,7,7,4,2,1,5,9,9,Not Happy
8,5,9,1,1,3,5,10,6,4,9,1,2,3,6,Moderate Happy
1,10,4,1,1,3,3,6,10,7,4,1,2,3,9,Moderate Happy
9,9,4,1,1,7,5,1,9,7,4,1,1,7,5,Moderate Happy
1,5,10,1,1,7,7,2,8,8,10,1,9,7,7,Moderate Happy
6,7,6,1,1,9,6,3,7,7,6,1,8,9,6,Moderate Happy
9,8,8,1,1,5,3,1,10,7,8,1,9,5,10,Moderate Happy
10,5,8,1,1,10,4,9,10,7,8,1,5,10,4,Happy
7,3,6,2,1,5,2,6,6,7,6,2,6,5,2,Not Happy
8,5,4,2,1,2,6,10,9,4,4,2,4,2,6,Not Happy
10,7,1,2,1,1,10,9,9,5,1,2,2,1,10,Moderate Happy
6,3,9,2,1,3,6,8,6,7,9,2,3,3,6,Moderate Happy
4,6,5,2,1,5,10,7,8,5,5,2,6,5,8,Moderate Happy
9,9,3,3,1,4,1,5,10,4,3,3,9,4,1,Not Happy
9,10,7,3,1,5,1,9,6,5,7,3,3,5,1,Moderate Happy
10,3,2,3,1,9,7,4,7,7,2,6,2,9,4,Moderate Happy
1,5,4,4,1,5,4,1,8,6,4,4,1,5,4,Not Happy
2,5,3,4,1,1,3,1,7,8,3,4,3,1,10,Not Happy
10,4,2,4,1,1,2,4,9,4,2,4,8,1,6,Not Happy
3,2,9,4,1,2,8,5,6,7,9,4,4,2,8,Moderate Happy
5,9,5,4,1,1,10,9,8,4,5,4,3,1,10,Moderate Happy
10,8,8,4,1,4,1,1,9,8,8,4,8,4,1,Moderate Happy
8,7,4,4,1,10,1,4,10,4,4,4,9,10,7,Moderate Happy
4,7,9,4,1,8,10,5,8,8,9,4,10,8,10,Happy
2,4,6,5,1,1,7,3,8,4,6,5,5,1,7,Not Happy
3,6,5,5,1,6,1,3,6,4,5,5,3,6,1,Not Happy
3,5,3,5,1,1,9,4,8,6,3,5,3,1,9,Not Happy
1,2,2,5,1,9,9,5,6,7,2,5,6,9,9,Not Happy
4,4,3,5,1,4,5,10,10,7,3,5,4,4,5,Moderate Happy
9,3,5,5,1,8,6,2,7,5,5,5,1,8,6,Moderate Happy
5,7,4,5,1,4,5,7,7,8,4,5,2,4,5,Moderate Happy
8,3,9,5,1,6,3,10,7,6,9,5,4,6,3,Moderate Happy
7,6,1,5,1,4,10,6,9,6,1,5,8,4,10,Moderate Happy
3,9,8,5,1,4,2,8,9,7,3,2,8,10,6,Moderate Happy
10,10,4,5,1,7,6,1,8,7,4,5,8,7,6,Moderate Happy
2,3,6,6,1,2,7,2,9,4,6,6,3,2,7,Not Happy
4,9,1,6,1,3,5,1,6,5,1,6,5,3,5,Not Happy
10,2,4,6,1,4,9,1,8,8,4,6,2,4,7,Moderate Happy
1,10,3,6,1,2,10,2,9,6,8,2,3,2,4,Moderate Happy
3,6,1,6,1,6,7,4,7,6,1,6,6,6,9,Moderate Happy
4,10,5,6,1,2,3,6,8,4,5,6,7,2,3,Moderate Happy
2,9,9,6,1,5,2,5,5,6,9,6,4,5,2,Moderate Happy
1,4,10,6,1,3,8,3,9,8,10,6,6,3,8,Moderate Happy
10,10,10,6,1,1,9,10,9,7,5,6,6,1,5,Happy
6,9,3,6,1,9,9,9,5,6,3,6,9,9,9,Happy
10,8,9,6,1,10,7,10,7,7,9,6,3,10,7,Happy
10,7,10,6,1,9,10,3,6,6,10,6,9,9,10,Happy
4,7,10,7,1,5,1,3,10,4,10,7,2,5,1,Moderate Happy
4,8,4,7,1,3,6,3,6,6,7,6,10,2,5,Moderate Happy
1,6,9,7,1,6,1,5,5,7,9,7,8,6,1,Moderate Happy
3,6,1,7,1,5,9,7,7,7,1,7,5,5,9,Moderate Happy
5,10,7,7,1,5,3,3,9,4,7,7,3,5,4,Moderate Happy
5,4,8,7,1,2,8,1,10,5,8,7,8,2,8,Moderate Happy
4,8,9,7,1,6,1,4,8,6,9,7,4,6,1,Moderate Happy
9,3,6,7,1,9,4,7,5,7,6,7,6,9,4,Happy
4,7,3,7,1,8,7,10,6,8,3,7,7,8,7,Happy
8,6,2,7,1,8,10,2,9,8,2,7,9,8,10,Happy
7,10,5,7,1,10,2,7,8,6,5,7,10,10,2,Happy
6,9,10,7,1,5,9,5,6,6,10,7,4,5,9,Happy
6,6,7,7,1,10,9,7,8,7,7,7,9,10,9,Happy
10,3,2,8,1,7,6,1,5,4,2,8,4,7,6,Not Happy
3,6,2,8,1,4,3,6,9,8,2,8,4,4,3,Not Happy
5,3,1,8,1,7,8,6,6,5,1,8,4,7,8,Not Happy
5,4,4,8,1,7,3,1,8,5,4,8,6,7,3,Moderate Happy
10,2,1,8,1,8,4,4,6,8,1,8,4,8,4,Moderate Happy
1,6,1,8,1,3,9,7,10,6,1,8,1,3,9,Moderate Happy
6,6,1,8,1,5,6,10,9,8,1,8,2,5,6,Moderate Happy
3,2,6,8,1,8,9,10,10,5,6,8,1,8,9,Happy
8,10,7,8,1,2,7,9,9,6,7,8,1,2,7,Happy
5,6,9,8,1,8,5,1,7,8,9,8,3,8,5,Happy
8,9,5,8,1,4,9,6,8,5,5,8,9,4,9,Happy
10,9,6,8,1,3,8,7,6,4,6,8,8,3,8,Happy
6,8,10,8,1,4,8,10,5,7,10,8,2,4,8,Happy
1,9,5,9,1,3,5,4,7,5,5,9,7,3,5,Moderate Happy
7,7,7,9,1,2,2,8,7,5,7,9,10,2,2,Moderate Happy
6,10,7,9,1,1,3,1,7,6,7,9,10,1,3,Moderate Happy
4,8,2,9,1,2,8,3,6,8,2,9,9,2,8,Moderate Happy
6,8,3,9,1,7,8,2,8,6,3,9,5,7,2,Happy
3,5,8,9,1,9,3,2,5,8,8,9,6,9,8,Happy
5,7,8,9,1,6,7,3,5,6,8,9,6,6,7,Happy
6,5,7,9,1,2,10,5,10,8,7,9,7,2,7,Happy
2,6,9,9,1,9,5,2,7,8,9,9,8,9,10,Happy
5,9,7,9,1,10,7,7,7,4,7,9,8,10,7,Happy
8,2,2,10,1,2,5,2,8,6,2,10,2,2,5,Not Happy
4,3,9,10,1,3,1,3,7,6,9,10,8,3,5,Moderate Happy
3,4,1,10,1,10,2,5,10,4,1,10,1,10,10,Moderate Happy
5,7,3,10,1,3,4,9,5,7,3,10,3,3,4,Moderate Happy
5,6,2,10,1,1,10,5,6,4,2,10,10,1,9,Moderate Happy
2,8,10,10,1,2,2,4,7,7,10,10,7,2,2,Moderate Happy
2,10,8,10,1,2,4,2,7,6,8,10,10,2,8,Happy
6,4,6,10,1,3,9,7,6,6,6,10,10,3,9,Happy
2,9,8,10,1,7,8,9,10,6,8,10,7,7,8,Happy
